ф;(932)797-94-93
ф;(928)486-64-84
ф;(987)745-04-09
ф;(985)744-20-43
ф;(981)659-46-32
ф;(995)606-33-46
ф;(960)541-98-05
ф;(985)050-14-27
ф;(906)484-44-19
ф;(905)090-34-01
ф;(962)997-17-84
ф;(921)935-11-36
ф;(936)685-06-04
ф;(906)353-96-86
ф;(913)498-10-45
ф;(950)485-73-02
ф;(909)349-71-14
ф;(954)766-30-52
ф;(985)256-54-69
ф;(934)482-17-69
ф;(956)848-17-38
ф;(957)888-39-29
ф;(998)307-77-98
ф;(984)584-56-58
ф;(921)752-90-06
ф;(950)701-28-10
ф;(951)537-07-85
ф;(935)283-60-55
ф;(909)579-97-39
ф;(993)211-03-25
ф;(929)503-92-87
ф;(927)114-42-80
ф;(920)203-06-00
ф;(907)015-16-52
ф;(917)857-23-06
ф;(967)222-63-00
ф;(911)248-92-54
ф;(939)992-16-00
ф;(959)260-05-20
ф;(977)120-41-59
ф;(902)228-24-52
ф;(902)396-10-34
ф;(974)949-95-13
ф;(998)374-32-01
ф;(922)379-71-80
ф;(914)410-04-59
ф;(961)932-75-90
ф;(919)567-85-49
ф;(974)525-43-24
ф;(985)841-96-36
ф;(953)620-77-66
ф;(928)286-24-33
ф;(917)168-53-44
ф;(999)857-78-87
ф;(980)633-27-66
ф;(958)427-26-29
ф;(967)241-79-39
ф;(973)607-01-12
ф;(971)590-27-31
ф;(965)243-17-73
ф;(937)122-15-67
ф;(969)929-97-17
ф;(971)726-92-81
ф;(965)329-35-32
ф;(906)360-73-88
ф;(917)631-06-25
ф;(931)045-52-13
ф;(910)409-48-51
ф;(935)368-93-51
ф;(904)475-91-59
ф;(914)967-42-17
ф;(969)861-25-72
ф;(924)846-43-18
ф;(948)760-48-34
ф;(908)612-15-43
ф;(993)801-29-63
ф;(930)782-09-92
ф;(940)259-32-89
ф;(997)760-50-02
ф;(974)739-68-12
ф;(939)834-65-77
ф;(983)116-22-68
ф;(948)557-60-16
ф;(945)233-35-24
ф;(957)687-53-44
ф;(960)757-10-38
ф;(941)802-23-03
ф;(932)957-77-02
ф;(966)434-99-63
ф;(999)947-21-06
ф;(931)461-41-48
ф;(911)529-25-02
ф;(967)018-75-81
ф;(982)051-63-55
ф;(935)278-14-86
ф;(919)941-58-84
ф;(900)792-10-69
ф;(928)581-19-77
ф;(906)805-01-78
ф;(972)866-17-90
ф;(456)464-65-46
ф;(456)464-65-46
ф;(456)464-65-46
ф;(456)464-65-46
ф;(456)464-65-46
ф;(456)464-65-46
ф;(456)464-65-46
ф;(456)464-65-46
ф;(456)464-65-46
ф;(456)464-65-46
ф;(456)464-65-46
ф;(456)464-65-46
ф;(456)464-65-46
ф;(456)464-65-46
ф;(456)464-65-46
ф;(456)464-65-46
